<?xml version="1.0" encoding="UTF-8"?>
<?xml-model href="http://www.tei-c.org/release/xml/tei/custom/schema/relaxng/tei_all.rng" type="application/xml" schematypens="http://relaxng.org/ns/structure/1.0"?>
<?xml-model href="http://www.tei-c.org/release/xml/tei/custom/schema/relaxng/tei_all.rng" type="application/xml" schematypens="http://purl.oclc.org/dsdl/schematron"?>
<TEI xmlns="http://www.tei-c.org/ns/1.0">
  <teiHeader>
    <fileDesc>
      <titleStmt>
        <title>Exercice 03 - Conversion en langage XML d'un extrait de dictionnaire</title>
        <author>Amina DJARFI MELOUAH</author>
        <respStmt>

          <resp>Conversion en langage XML des entrées 'Antiperistase' à 'Apostre' du dictionnaire de A. Furetière.</resp>
          <orgName>INALCO</orgName>
        </respStmt>
      </titleStmt>
      <publicationStmt>
        <p>
          Exercice dans le cadre du cours universitaire "Documents structurés" de l'année
          <date>2022</date>
          <pc>.</pc>
        </p>
      </publicationStmt>
      <sourceDesc>
        <scriptStmt>
          <bibl>
            <title>
              DICTIONNAIRE UNIVERSEL, Contenant generalement tous les MOTS FRANÇOIS tant
                  vieux que modernes, &amp; les SCIENCES ET DES ARTS,...par feu messir Antoine Furentière, abbé de Chalivoy
              <pc>...</pc>
            </title>
            <author>Antoine Furetière</author>
            <date>1960</date>
          </bibl>
        </scriptStmt>
      </sourceDesc>
    </fileDesc>
  </teiHeader>
  <text>
    <body>
      <div>
        <head>
          ANT
          <pc>.</pc>
        </head>
        <entry xml:id="antiperistase">
          <form type="lemmaGrp">
            <form type="lemma">
              <orth>ANTIPERISTASE</orth>
            </form>
            <gramGrp>
              <pc>.</pc>
              <pos>subst. </pos>
              <gen>fem. </gen>
            </gramGrp>
          </form>
          <sense>
            <def>
              Action de deux qualités contraires, dont l'une excite la vigueur de l'autre. La moyenne region de l'air est froide en esté, &amp; les foudres
                   s'y forment par antiperistase, par le combat du froid &amp; du chaud. Ce mot vient du
              <lang>Grec</lang>
              antiperistamai, qui signifie, undique circumobsiston
              <pc>.</pc>
            </def>
          </sense>
        </entry>


        <entry xml:id="antiphonier">

          <form type="lemma">
            <orth>ANTIPHONIER</orth>
          </form>
          <pc>.</pc>

          <lbl>ou</lbl>
          <form type="variant">
            <orth>Antiphonaire</orth>
            <pc>.</pc>
          </form>
          <sense>
            <def> Livre où sont contenues les Antiennes de l'année.C'est un livre qu'on met sur le grand pulpitre ou lutrin, escrit en gros caracteres avec les notes du plein chant.Gregoire le Grand fut l'auteur de ce livre, comme dit Jean Diacre en sa vie. Ce mot vient d'antiphona, Antienne.
            </def>
          </sense>
        </entry>


        <entry xml:id="antiphrase">
          <form type="lemmaGrp">
            <form type="lemma">
              <orth>ANTIPHRASE</orth>
            </form>
            <pc>.</pc>
            <gramGrp>
              <pos>subst.</pos>
              <gen>fem.</gen>
            </gramGrp>
          </form>
          <sense>
            <usg type="domain" ana="#term_grammaire">Terme de Grammaire</usg>
            <pc>.</pc>
            <def>
              Contre-verité, figure ironique par laquelle en disant une chose on entend tout le contraire. Ce mot vient d'anti, &amp;
              <foreign>phrasis</foreign>
              , qui vient de
              <foreign>phrasso</foreign>
              ,
              <foreign>loquor</foreign>
              , je parle
              <pc>.</pc>
            </def>
          </sense>
        </entry>


        <entry xml:id="antipode">
          <form type="lemmaGrp">
            <form type="lemma">
              <orth>ANTIPODE</orth>
            </form>
            <pc>.</pc>
            <gramGrp>
              <pos>subst.</pos>
              <gen> masc. </gen>
            </gramGrp>
          </form>
          <sense>
            <usg type="domain" ana="#term_relatif">Terme relatif</usg>
            <pc>,</pc>

            <def>
              qui se dit d'un habitant d'un lieu de la terre diametralement opposé à celuy d'un autre habitant. Plusieurs Anciens, &amp; entre autres Lactance &amp; St. Augustin, se sont moqués de ceux qui croyoient les Antipodes. Virgilius Evêque de Salsbourg fut declaré Heretique par Boniface VIII.  Archevêque de Mayence, &amp; Legat du Pape Zacharie, parce qu'il enseignoit qu'il y avoit des Antipodes ; &amp; son jugement fut confirmé par le Pape Zacharie, à ce qu'escrit Aventin Auteur Allemand, sur le fondement de ce qu'avoit escrit St. Augustin. Ce mot vient de anti, &amp; pous, pied.

On dit figurément d'un homme qui a des sentiments directement opposés à la raison, que c'est l'antipode du bon sens.On dit aussi en proverbe, qu'on voudroit qu'un homme fust aux Antipodes, pour dire, qu'il fust bien loing
              <pc>.</pc>
            </def>
          </sense>
        </entry>

        <entry xml:id="antiquaille">
          <form type="lemmaGrp">
            <form type="lemma">
              <orth>ANTIQUAILLE</orth>
            </form>
            <pc>.</pc>
            <gramGrp>
              <pos>subst.</pos>
              <gen>fem.</gen>
            </gramGrp>
          </form>
          <sense>
            <usg type="domain" ana="#term_mepris">Terme de mépris</usg>
            <pc>,</pc>
            <def>qui se dit des pieces antiques, ou vieux meubles qui sont de peu de valeur<pc>.</pc>
            </def>
          </sense>
        </entry>

        <entry xml:id="antiquaire">
          <form type="lemmaGrp">
            <form type="lemma">
              <orth>ANTIQUAIRE</orth>
            </form>
            <pc>.</pc>
            <gramGrp>
              <pos>subst.</pos>
              <gen>masc.</gen>
            </gramGrp>
          </form>
          <sense>
            <def>Homme qui a recherché &amp; bien étudié les monuments qui nous restent de l'antiquité, ou qui en a écrit
              <pc>.</pc>
            </def>
            <cit type="example">
              <quote> Monsr. Peyresc Provençal a été un des plus sçavants Antiquaires de son temps
                <pc>.</pc>
              </quote>
            </cit>
          </sense>
        </entry>


        <entry xml:id="antique">
          <form type="lemmaGrp">
            <form type="lemma">
              <orth>ANTIQUE</orth>
            </form>
            <pc>.</pc>
            <gramGrp>
              <pos>adj.</pos>
              <gen>masc.</gen>
              <lbl>&amp;</lbl>
              <gen>fem.</gen>
            </gramGrp>
          </form>
          <sense n="1">
            <def> Ancien, qui est fait il y a long-temps
              <pc>.</pc>
            </def>
            <cit type="example">
              <quote>Bastiment antique. inscription an-tique
                <pc>.</pc>
              </quote>
            </cit>
          </sense>

          <sense n="2">
            <def>Antique, en termes de Blason, se dit des couronnes
à pointes de rayons, des coestures anciennes Grecques
&amp; Romaines, des vestements, bastiments, ou niches
Gothiques<pc>.</pc>
            </def>
          </sense>
        </entry>

        <entry xml:id="antique">
          <form type="lemmaGrp">
            <form type="lemma">
              <orth>ANTIQUE</orth>
            </form>
            <pc>.</pc>
            <gramGrp>
              <pos>subst.</pos>
              <gen>fem.</gen>
            </gramGrp>
          </form>
          <sense>
            <def>
              se dit des ouvrages de Peinture, Sculpture, &amp; Architecture qui ont été faits du temps des anciens Grecs &amp; Romains depuis Alexandre le Grand jusqu'à l'Empereur Phocas &amp; 
            à la desolation des Barbares
              <pc>.</pc>
            </def>
            <cit type="example">
              <quote>
                Cette statuë n'est pas d'un Sculpteur moderne, c'est une Antique. la sale des Antiques du Louvre
                <pc>.</pc>
              </quote>
              <quote>En ce sens on le dit seulement des statuës<pc>.</pc>
              </quote>
              <quote>On dit aussi par raillerie d'une vieille femme, que c'est une Antique<pc>.</pc>
              </quote>
            </cit>
          </sense>
        </entry>

        <entry xml:id="a l'antique">
          <form type="lemmaGrp">
            <form type="lemma">
              <orth>A L'ANTIQUE</orth>
            </form>
            <pc>.</pc>
            <gramGrp>
              <pos>adv.</pos>
            </gramGrp>
          </form>
          <sense>
            <def>A la vieille mode. Il s'est fait peindre habiLlé à l'antique<pc>.</pc>
            </def>
          </sense>
        </entry>

        <entry xml:id="antiquité">
          <form type="lemmaGrp">
            <form type="lemma">
              <orth>ANTIQUITÉ</orth>
            </form>
            <pc>.</pc>
            <gramGrp>
              <pos>subst.</pos>
              <gen>fem.</gen>
            </gramGrp>
          </form>
          <sense>
            <def>Le vieux temps, les siecles passés<pc>.</pc>
            </def>
            <cit type="example">
              <quote>Il n'a été rien fait de plus illustre dans toute l'antiquité<pc>.</pc>
              </quote>
            </cit>
          </sense>

          <sense n="2">
            <def>ANTIQUITÉ, se dit aussi de la priorité du temps<pc>.</pc>
            </def>
            <cit type="example">
              <quote>L'antiquité de sa race<pc>.</pc>
              </quote>
              <quote>l'antiquité de ce bastiment<pc>.</pc>
              </quote>
              <quote>un creancier est colloqué suivant l'antiquité de son hypotheque<pc>.</pc>
              </quote>
            </cit>
            <note>On dit plus souvent ancienneté <pc>.</pc>
            </note>
          </sense>

          <sense n="3">
            <def>ANTIQUITÉ, se dit aussi des beaux monumens qui nous restent des Anciens<pc>.</pc>
            </def>
            <cit type="example">
              <quote>Les Antiquités de Rome.de la Grece<pc>.</pc>
              </quote>
              <quote>l'antiquité de ce bastiment<pc>.</pc>
              </quote>
              <quote>cette inscription est une belle antiquité<pc>.</pc>
              </quote>
              <quote>Joseph a écrit des Antiquités Judaïques<pc>.</pc>
              </quote>
            </cit>
            <etym>
              <lbl>Ce mot vient du </lbl>
              <lang>Latin</lang>
              <foreign>antiquus</foreign>
              <pc>.</pc>
            </etym>
          </sense>
        </entry>

        <entry xml:id="antiscien">
          <form type="lemmaGrp">
            <form type="lemma">
              <orth>ANTISCIEN</orth>
            </form>
            <pc>,</pc>
            <form type="inflected">
              <orth>ENNE</orth>
            </form>
            <pc>.</pc>
            <gramGrp>
              <pos>adj.</pos>
            </gramGrp>
          </form>
          <sense>
            <def>qui se dit des peuples qui habitent en des lieux opposés deçà &amp; delà l'Equateur, 
      qui à midi ont des ombres contraires<pc>.</pc>
            </def>
            <note>Les peuples du Nort sont Antisciens à ceux du Midi, parce qu'à midi les uns ont leur ombre vers le Pole Boreal,
       &amp; les autres vers le Meridional. Quelques-uns les confondent mal à propos avec les Antoeciens, qui sont des peuples habitans d'un costé &amp;
        d'autre de l'Equateur sous un même parallele qui en est également éloigné, &amp; qui ont une même élevation de Pole, differente seulement en ce que l'un est Boreal, 
        &amp; l'autre Austral, tels que sont les peuples du Cap de Bonne Esperance à l'égard de ceux du Peloponese. Ce mot vient de anti, &amp; skia, umbra, ombre<pc></pc>
            </note>

            <usg type="domain" ana="#term_geographie">Terme de Geographie</usg>
            <pc>,</pc>
            <def>Despouille de bleds. La Coûtume d'Amiens deffend d'enlever les fruits, &amp;
           ablais, quand ils sont saisis, sans donner caution au Seigneur de ses
              droits<pc>.</pc>
            </def>
          </sense>
        </entry>

        <entry xml:id="antistrophe">
          <form type="lemmaGrp">
            <form type="lemma">
              <orth>ANTISTROPHE</orth>
            </form>
            <pc>.</pc>
            <gramGrp>
              <pos>subst.</pos>
              <gen>fem.</gen>
            </gramGrp>
          </form>
          <sense n="1">
            <note>Figure gramma-ticale<pc>,</pc>
            </note>
            <def>qui se dit quand de deux termes ou choses con-
    jointes &amp; dependantes l'une de l'autre, on fait la con-
    version, ou le renversement reciproque<pc>:</pc>
            </def>
            <cit type="example">
              <quote>
                comme, le serviteur du maistre, ou le maistre du serviteur
                <pc>.</pc>
              </quote>
            </cit>
          </sense>
          <sense n="2">
            <note>chez les Poëtes Lyriques<pc>,</pc>
            </note>
            <def>estoit une espece de danse en usage chez les Anciens, qui portoient
leurs pas tantost à droit, tantost à gauche, par des re-
tours ou conversions redodiiées<pc>.</pc>
            </def>
            <etym>
              <lbl>Ce mot vient d'</lbl>
              <foreign>antistrophi</foreign>
              <pc>,</pc>
              <foreign>conversio</foreign>
              <pc>,</pc>
              <lbl>ou</lbl>
              <foreign>reversio</foreign>
              <pc>.</pc>
            </etym>
          </sense>
        </entry>

        <entry xml:id="antithese">
          <form type="lemmaGrp">
            <form type="lemma">
              <orth>ANTITHESE</orth>
            </form>
            <pc>.</pc>
            <gramGrp>
              <pos>subst.</pos>
              <gen>fem.</gen>
            </gramGrp>
          </form>
          <sense>
            <def>Figure de Rethorique qui consiste en un jeu ou opposition de mots &amp; de mem-bres de periodes<pc>.</pc>
            </def>
            <cit type="example">
              <quote>St. Augustin, Salvian, &amp; plusieurs autres Escrivains ont fort aimé les antitheses<pc>.</pc>
              </quote>
              <quote>aujourd'huy les antitheses sont fort descriées. Desmarets fait dire ason Poëte des Visionnaires<pc>.</pc>
              </quote>
              <quote>Puis j'aimay l'antithese au sortir de l'Escole<pc>.</pc>
              </quote>
            </cit>
          </sense>
          <etym>
            <lbl>Ce mot vient du </lbl>
            <lang>Grec</lang>
            <foreign>anti, &amp; thesis, c'est à dire, con-trapositio</foreign>
          </etym>
        </entry>

        <entry xml:id="antonomase">
          <form type="lemmaGrp">
            <form type="lemma">
              <orth>ANTRONOMASE</orth>
            </form>
            <pc>.</pc>
            <gramGrp>
              <pos>subst.</pos>
              <gen>fem.</gen>
            </gramGrp>
          </form>
          <sense>
            <def>
              Figure de Rethorique, par laquelle on se sert d'un nom appellatif au lieu du nom propre : comme, Le Philosophe, pour dire, Aristote : l'Apostre, pour dire, Saint Paul
              <pc>.</pc>
            </def>
            <etym>

              <lbl>Ce mot vient d'</lbl>
              <foreign>anti</foreign>
              <pc>,</pc>
              qui signif.
              <foreign>pro</foreign>
              <pc>,</pc>

              <lbl>&amp;</lbl>
              <foreign>onoma</foreign>
              <pc>,</pc>
              <foreign>nomen</foreign>
              <pc>,</pc>
              <foreign>nom</foreign>
              <pc>.</pc>
            </etym>
          </sense>
        </entry>

        <entry xml:id="antre">
          <form type="lemmaGrp">
            <form type="lemma">
              <orth>ANTRE</orth>
            </form>
            <pc>.</pc>
            <gramGrp>
              <pos>subst.</pos>
              <gen>masc.</gen>
            </gramGrp>
          </form>
          <sense>
            <def>Grande caverne, ou creux sousterrain qui s'y est trouvé naturellement<pc>.</pc>
            </def>
            <cit type="example">
              <quote> L'antre de la Sibylle de Cumes<pc>.</pc>
              </quote>
              <quote>l'antre de Trophonius<pc>.</pc>
              </quote>
            </cit>
            <note>Il y a un antre au pays de Mexique qui regne sous terre plus de deux cens lieuës<pc>.</pc>
            </note>
            <etym>
              <lbl>Ce mot vient du</lbl>
              <lang>Grec</lang>
              <foreign>antron</foreign>
              <pc>,</pc>qui signifie le même<pc>.</pc>
            </etym>
          </sense>
        </entry>

        <entry xml:id="antropophage">
          <form type="lemmaGrp">
            <form type="lemma">
              <orth>ANTROPOPHAGE</orth>
            </form>
            <pc>.</pc>
            <gramGrp>
              <pos>adj.</pos>
              <lbl>&amp;</lbl>
              <pos> subst.</pos>
              <gen>masc.</gen>
              <lbl>&amp;</lbl>
              <gen>fem.</gen>
            </gramGrp>
          </form>
          <sense>
            <def>Qui mange les hommes<pc>.</pc>
            </def>
            <cit type="example">
              <quote>Presque tous les Indiens Oc-cidentaux étoient des peuples Antropophages<pc>.</pc>
              </quote>
              <quote>cette na-tion est Antropophage<pc>.</pc>
              </quote>
              <quote>les Missionaires vont prêcher l'E-vangile jusque chez les Antropophages<pc>.</pc>
              </quote>
            </cit>
            <etym>
              <lbl> Ce mot est</lbl>
              <lang>Grec</lang>
              &amp;
              <pc>.</pc>
              <gloss>signifie, mangeur d'hommes
                <pc>.</pc>
              </gloss>
            </etym>
          </sense>
        </entry>
      </div>


      <div>
        <head>
          ANU
          <pc>.</pc>
        </head>

        <entry xml:id="anuiter">
          <form type="lemmaGrp">
            <form type="lemma">
              <orth>ANUITER</orth>
            </form>
            <pc>.</pc>
            <gramGrp>
              <pos>verb.</pos>
              <subc>neut.</subc>
            </gramGrp>
          </form>
          <sense>
            <note>qui ne se dit qu'avec le pro-nom personnel<pc>.</pc>
            </note>
            <def>Se mettre a la nuit<pc>.</pc>
            </def>
            <cit type="example">
              <quote>Ceux qui s'anni-tent se mettent en danger d'être volez, ou de s'égarer
      dans les bois, dans les montagnes<pc>.</pc>
              </quote>
            </cit>
          </sense>
        </entry>

        <entry xml:id="anuité">
          <form type="lemmaGrp">
            <form type="lemma">
              <orth>anuité</orth>
            </form>
            <pc>,</pc>
            <form type="inflected">
              <orth>ée.</orth>
            </form>
            <gramGrp>
              <pos>part.</pos>
              <subc>pass.</subc>
              <lbl>&amp;</lbl>
              <pos>adj.</pos>
            </gramGrp>
          </form>
        </entry>

        <entry xml:id="anus">
          <form type="lemmaGrp">
            <form type="lemma">
              <orth>ANUS</orth>
            </form>
            <pc>.</pc>
            <gramGrp>
              <pos>s.</pos>
              <gen>m.</gen>
            </gramGrp>
          </form>
          <sense>
            <usg type="domain" ana="#term_medecine">Terme de Medecine</usg>
            <pc>.</pc>
            <def>C'est l'orifice du fondement<pc>.</pc>
            </def>

            <cit type="example">
              <quote>Les fistules à l'anus sont difficiles à guerir<pc>.</pc>
              </quote>
              <quote>les Gabaonites renvoyerent des amis d'or avec l'Arche, pour être gueris d'une maladie qui les affligeoit à l'amis<pc>.</pc>
              </quote>
            </cit>
          </sense>
        </entry>
      </div>
      <div>

        <head>ANX<pc>.</pc>
        </head>
        <entry xml:id="anxiete">
          <form type="lemmaGrp">
            <form type="lemma">
              <orth>ANXIETE</orth>
            </form>
            <pc>.</pc>
            <gramGrp>
              <pos>subst.</pos>
              <gen>fem.</gen>
            </gramGrp>
          </form>
          <sense>
            <def>Peine, embarrat d'esprit<pc>.</pc>
            </def>
            <note> On ne le dit qu'en Morale,pour expliquer cette pas-sion de l'ame qui vient de la difficulte où elle se trouve,quand elle est attaquée par des maux qu'elle n'évitera
           qu'avec beaucoup de peine ou de bonheur</note>
            <etym>
              <lbl>Ce mot vient du</lbl>
              <lang>latin</lang>
              <foreign>ancietare</foreign>
              , qui vient du verbe
              <foreign>ango</foreign>
              <pc>.</pc>
            </etym>
          </sense>
        </entry>
      </div>

      <div>
        <head>AOR<pc>.</pc>
        </head>
        <entry xml:id="aoré">
          <form type="lemmaGrp">
            <form type="lemma">
              <orth>AORÉ</orth>
            </form>
            <pc>.</pc>
          </form>
          <sense>
            <note>Vieux mot qui se dit encore en Normandie pour serrir d'épithete au Vendredy Saint<pc>.</pc>
            </note>
            <note>Menage le derive de
              <foreign> adoratus</foreign>
              <pc>,</pc>
              à cause qu'on va adorer la croixce joustse
              <pc>.</pc>
            </note>
            <def>
              Ce mot a signifié aussi doré &amp; orné, parce
    qu'on disoit autrefoit aoruer, pour derer &amp; erner ; &amp; en
    ce sens il venoit de adornare
              <pc>.</pc>
            </def>
          </sense>
        </entry>

        <entry xml:id="aoriste">
          <form type="lemmaGrp">
            <form type="lemma">
              <orth>AORISTE</orth>
            </form>
            <pc>.</pc>
            <gramGrp>
              <pos>subst.</pos>
              <gen>masc.</gen>
            </gramGrp>
          </form>
          <sens>
            <usg type="domain" ana="#term_grammaire">Terme de la Grammaire Grecque qu'on peut étendre à la Françoise </usg>
            <pc>.</pc>
            <def>
              C'est un temps indefini de la conjugaison des verbes
              <pc>.</pc>
            </def>
            <cit type="example">
              <quote> J'ay aimé,est un preterit parfait; Je vous aimay, est un preterit in-defini &amp; aoriste<pc>.</pc>
              </quote>
              <quote>les Grecs avoient deux Aoristes : les Latins n'en ont pas un<pc>.</pc>
              </quote>
            </cit>
          </sens>
        </entry>

        <entry xml:id="aorte">
          <form type="lemmaGrp">
            <form type="lemma">
              <orth>AORTE</orth>
            </form>
            <pc>.</pc>
            <gramGrp>
              <pos>subst.</pos>
              <gen>fem.</gen>
            </gramGrp>
          </form>
          <sense>
            <usg type="domain" ana="#term_medecine">Terme de Medecine.</usg>
            <def>
              C'est le nom qu'on donne à la grande artere qui sort du ventri-
                 cule gauche du coeur pour porter le sang dans tout le corps
              <pc>.</pc>
            </def>
            <etym>
              <lbl>Ce mot vient du</lbl>
              <lang>Grec</lang>
              <pc>,</pc>
              <gloss>où il signifie, un vais-seau, un coffre<pc>.</pc>
              </gloss>
            </etym>
          </sense>
        </entry>
        <xr>
          <lbl>Voyez</lbl>
          <ref target="#herrera">Artere</ref>
          <pc>.</pc>
        </xr>
      </div>

      <div>
        <head>
          AOU
          <pc>.</pc>
        </head>

        <entry xml:id="aoust">
          <form type="lemmaGrp">
            <form type="lemma">
              <orth>AOUST</orth>
            </form>
            <pc>.</pc>
            <gramGrp>
              <pos>subst.</pos>
              <gen>masc.</gen>
            </gramGrp>
          </form>
          <sense n="1">
            <def>
              C'est le huitiéme mois de l'an-
née selon nostre façon de compter, qui commence en
Janvier, mais qui étoit le sixieme selon les Romains,
qui l'appelloient pour cette raison Sextilis. Son nom fut
change en Augustus en faveur de Cesar Auguste<pc>.</pc>
            </def>
            <note>On le prononce Oust ; &amp; on dit la Mi-oust, en parlant de la
Feste de l'Assomption de la Vierge<pc>.</pc>
            </note>
          </sense>
          <sense n="2">
            <def>Aoust,signifie aussi, la recolte, la moisson des bleds,
&amp; autres grains, quoy qu'on la fasse en plusieurs lieux
dés le mois de Juillet. Ce Fermier a fait marché à tant
pour faire son aoust. On est dans la force de l'aousta,
c'est à dire, dans le grand travail de la recolte.
On dit aussi figurément, qu'un homme fait son aoust,
quand il est dans une saison ou dans une affaire où il
gagne beaucoup. Cet homme a bien fait son aoust dans
cette Commission. les Fermiers des Entrées font leur
doust dans le mois de Noyembre, Decembre ; &amp; Jan-
vier<pc>.</pc>
            </def>
            <cit type="proverb">
              <lbl>On dit proverbialement<pc>,</pc>
              </lbl>
              <quote> En Aoust &amp; en vendanges, il n'y
      a Festes ni Dimanches.</quote>
            </cit>
          </sense>
        </entry>

        <entry xml:id="aousterom">
          <form type="lemmaGrp">
            <form type="lemma">
              <orth>AOUSTEROM</orth>
            </form>
            <pc>.</pc>
            <gramGrp>
              <pos>subst.</pos>
              <gen>masc.</gen>
            </gramGrp>
          </form>
          <sense>
            <def>Moissonneur, celuy qui travaille à la recolte de l'aoust<pc>.</pc>
            </def>
          </sense>
        </entry>
        <entry xml:id="aousté">
          <form type="lemmaGrp">
            <form type="lemma">
              <orth>AOusté</orth>
            </form>
            <pc>,</pc>
            <form type="inflected">
              <orth>ée</orth>
            </form>
            <pc>.</pc>
            <gramGrp>
              <pos>adj.</pos>
            </gramGrp>
          </form>
          <sense>
            <def>se dit des fruits qui sont meurs
pour avoir passé le mois d'Aoust, &amp; particulierement des
citrouilles. On crie des citrouilles aoustées. On le dit en
nourries pendant la seve du mois d'Aous<pc>.</pc>
            </def>
          </sense>
        </entry>
      </div>

      <div>
        <head>APA<pc>.</pc>
        </head>
        <entry xml:id="apanage">
          <form type="lemmaGrp">
            <form type="lemma">
              <orth>APANAGE</orth>
            </form>
            <pc>.</pc>
            ou comme on disoit autrefois, Apen-nage.
            <gramGrp>
              <pos>s.</pos>
              <gen>m.</gen>
            </gramGrp>
          </form>
          <sense n="1">
            <def>
              Terre que les Souverains donnent à leurs
puisnez pour leur partage
              <pc>.</pc>
            </def>
            <cit type="example">
              <quote>
                Le Duché d'Orleans est l'apanage des seconds Fils de France
                <pc>.</pc>
              </quote>
              <quote>les terres données  en apanage sont reversibles à la Couronne. Nicod &amp; Menage derivent ce mot de panis, qui se prend souvent
pour toute sorre d'aliments &amp; de subsistance, veu que
plusieurs se font servis de panagium, pour dire apanage.
Du Cange dit qu'il vient de apanare, apanamentum &amp;</quote>
            </cit>
          </sense>
          <sense n="2">
            <def>
              apanagium, mots de la basse Latinité, qui signifient une pension ou un revenu annuel qu'on donne à des ca-
dets, au lieu de la portion qu'ils ont en une Seigneurie
qui ne se doit point partager. D'autres, comme Hof-
man &amp; Monet, le derivent d'un vieux mot Celtique ou
Allemand, qui veut dire, exclurre, forclorre de quel-que droit : ce qui arrive à ceux qui ont des apanages,
qui sont exclus de la succession paternelle
              <pc>.</pc>
            </def>
            <cit type="example">
              <quote>Antoine Loisel cité par Menage croit que apanager vouloit dire
autrefois, Donner des pennes ou plumes &amp; des moyent
aux jeunes Seigneurs, qu'on chassoit du lit &amp; de la mai-
son de leurs peres pour aller faire fortune ailleurs, soit par
guerre, soit par mariage. Panl Emile remarque que les
apanages sont une invention que nos Rois ont rapportée des voyages d'outre mer<pc>.</pc>
              </quote>
            </cit>
          </sense>
          <sense n="3">
            <note>APANAGE,se dit aussi figurément en Morale des choses.</note>
            <def>qui ont de la suitte &amp; de sa dependance l'une de l'autre.o , aare de ie e e arerme<pc>.</pc>
            </def>
            <cit type="example">
              <quote>Les infirmitez sont des apanages de la nature corrom-puë<pc>.</pc>
              </quote>
            </cit>
          </sense>
        </entry>

        <entry xml:id="apanager">
          <form type="lemmaGrp">
            <form type="lemma">
              <orth>APANAGER</orth>
            </form>
            <pc>.</pc>
            <gramGrp>
              <pos>v.</pos>
              <subc>act.</subc>
            </gramGrp>
          </form>
          <sense>
            <def>Donner en apanage. Un tel Prince a été apanagé d'une telle Seigneurie. Dans les
Coustumes on appelle aussi, Apanager une fille, ou un fils,
quand on les établit par mariage, en leur donnant cer-
tains heritages, ou somme de deniers, moyennant
quoy ils renoncent à toutes successions paternelles &amp;
maternelles<pc>.</pc>
            </def>
            <note>Mais ce mot est dit abusivement: car pour
parler correctement, il faut dire aparagé &amp; aparagee<pc>.</pc>
            </note>
          </sense>
        </entry>

        <entry xml:id="apanager">
          <form type="lemmaGrp">
            <form type="lemma">
              <orth>apanager</orth>
            </form>
            <pc>.</pc>
            <gramGrp>
              <pos>s.</pos>
              <gen>m.</gen>
            </gramGrp>
          </form>
          <sense>
            <def>Prince qui jouït d'un apanage. Les
Apanagers jouïssent de tous les droits hononfiques à
meilleur titre que les Engagistes.</def>
          </sense>
        </entry>

        <entry xml:id="aparenté">
          <form type="lemmaGrp">
            <form type="lemma">
              <orth>APARENTÉ</orth>
            </form>
            <pc>,</pc>
            <form type="inflected">
              <orth>ée</orth>
            </form>
            <pc>.</pc>
            <gramGrp>
              <pos>adj.</pos>
            </gramGrp>
          </form>
          <sense>
            <def>Qui est de bonne naissan-
ce, qui a bien des parents nobles, riches ou puissants<pc>.</pc>
            </def>
            <cit type="example">
              <quote>Ce garçon a épousé une fille qui est bien aparentée<pc>.</pc>
              </quote>
            </cit>
            <etym>
              <lbl>Ce mot vient du </lbl>
              <lang>Latin</lang>
              <foreign>parens</foreign>
              <pc>.</pc>
            </etym>
          </sense>
        </entry>

        <entry xml:id="aparte">
          <form type="lemmaGrp">
            <form type="lemma">
              <orth>APARTE</orth>
            </form>
            <pc>.</pc>
          </form>
          <sense>
            <usg type="domain" ana="#term_politique">Terme de la Politique.</usg>
            <def> APARTE. Terme de la Poëtique. Il ne se dit qu'en
          parlant des pieces de theatre, quand un Acteur dit à part
          &amp; en un coint pour l'instruction de ses auditeurs quel-
          ques-uns de ses sentiments secrets, &amp; qu'il feint de n'ê-
          tre point entendu des autres Acteurs. Il y a des Criti-
          ques severes qui condamnent tous les sentiments aparte.</def>
            <cit type="example">
              <quote>
                En effet ils pechent contre la justesse de la vraisem-
            blance. Neantmoins ils sont excusables, pourvû qu'ils
            soient courts, par la necessité qu'on a d'en user
                <pc>.</pc>
              </quote>
            </cit>
          </sense>
        </entry>

        <entry xml:id="apartement">
          <form type="lemmaGrp">
            <form type="lemma">
              <orth>APARTEMENT</orth>
            </form>
            <pc>.</pc>
            <gramGrp>
              <pos>subst.</pos>
              <gen>masc.</gen>
            </gramGrp>
          </form>
          <sense>
            <def>Portion d'un grand
logis où une personne loge ou peut loger separement
d'avec une autre<pc>.</pc>
            </def>
            <cit type="example">
              <quote>Un apartement Royal est composé de
    chambre, antichambre, cabinet, &amp; galerie. Le bel
    apartement, le premier apartement, est celuy du pre-
    mier estage, &amp; est d'ordinaire l'apartement de Madame.
    Dtapartement bas est celuy de Monsieur. Il a un aparte-
    ment dans son logis à louer. On a dit ces dernieres an-
    nées, qu'on tenoit apartement chez le Roy, d'une feste
    ou rejouissance, en laquelle le Roy regaloit sa Cour
    pendant quelques soirées dans ses apartement qui étoient
    superbement meublés, &amp; éclairés avec musique, bals,
    danse, collations, jeux, &amp; autres divertissemens mag-
    nifiques<pc>.</pc>
              </quote>
            </cit>
          </sense>
          <etym>
            <lbl>Ce mot vient  comme de </lbl>
            <foreign>partimentum</foreign>
            <pc>,</pc>
          </etym>
        </entry>

        <entry xml:id="apathie">
          <form type="lemmaGrp">
            <form type="lemma">
              <orth>APATHIE</orth>
            </form>
            <pc>.</pc>
            <gramGrp>
              <pos>subst.</pos>
              <gen>fem.</gen>
            </gramGrp>
          </form>
          <sense>
            <usg type="domain" ana="#term_philosophie">Terme de Philo-sophie.</usg>
            <def>In-sensibilité morale, ou constance, ou fermeté d'ame
                    qui empêche qu'on ne sente les mouvements des pas-
                    sions, ou du moins qu'on n'en fasse tien paroistre. Les
                    Stoïciens se picquoient d'une entiere apathie, jusques là
                    qu'ils ne vouloient point être sensibles à la douleur
              <pc>.</pc>
            </def>
          </sense>
        </entry>
      </div>

      <div>
        <head>APE <pc>.</pc>
        </head>

        <entry xml:id="aperitif">
          <form type="lemmaGrp">
            <form type="lemma">
              <orth>APERITIF</orth>
            </form>
            <pc>,</pc>
            <form type="inflected">
              <orth>IVE</orth>
            </form>
            <pc>.</pc>
            <gramGrp>
              <pos>adj.</pos>
            </gramGrp>
          </form>
          <sense>
            <usg type="domain" ana="#term_médecine"> Terme de Medecine</usg>
            <pc>,</pc>
            <def> qui se dit des remedes qui ouvrent les pores, &amp; ostent l'ob-
                    struction des passages des humeurs
              <pc>.</pc>
            </def>
            <cit type="example">
              <quote>
                Clystere aperitif
                      &amp; laxatif. les cinq racines aperitives qu'on ordonne
                      souvent, sont celles d'ache, d'asperges, de persil,
                      de fenouil, &amp; de bruscus.
                <pc>.</pc>
              </quote>
            </cit>
            <etym>
              <lbl>Ce mot vient du verbe </lbl>

              <foreign>aperio</foreign>
              <pc>.</pc>
            </etym>
          </sense>
        </entry>
      </div>

      <div>
        <head>
          APH
          <pc>.</pc>
        </head>

        <entry xml:id="aphelie">
          <form type="lemmaGrp">
            <form type="lemma">
              <orth>APHELIE</orth>
            </form>
            <pc>.</pc>
            <gramGrp>
              <pos>subst.</pos>
              <gen>masc.</gen>
            </gramGrp>
          </form>

          <sense>
            <usg type="domain" ana="#term_astronomie">Terme d'Astronomie</usg>
            <def>
              dont se servent les Copernicains pour marquer le lieu où est
le soleil, ou quelque autre Planete, quand ils sont les
plus éloignés de la terre : ce qu'on appelle dans les au-
tres hypotheses Apogée. On a observé des taches dans la
face de Mars, quoy qu'il fust dans son aphelie
              <pc>.</pc>
            </def>
            <etym>
              <lbl>Ce mot vient de</lbl>
              <foreign>apo,</foreign>
              <lbl>&amp;</lbl>
              <foreign>belios</foreign>
              <pc>,</pc>
              <gloss>soleil.</gloss>
            </etym>
          </sense>
        </entry>

        <entry xml:id="aphorisme">
          <form type="lemmaGrp">
            <form type="lemma">
              <orth>APHORISME</orth>
            </form>
            <pc>.</pc>
            <gramGrp>
              <pos>subst.</pos>
              <gen>masc.</gen>
            </gramGrp>
          </form>
          <sense n="1">
            <note>
              Marime ou regle ge-
  nerale, principe d'une science. Il ne se dit gueres qu'en
  Medecine &amp; en Jurisprudence
              <pc>.</pc>
            </note>
            <cit type="example">
              <quote>
                es Aphorismes d'Hip-pocrate.
                <pc>.</pc>
              </quote>
              <quote>
                c L des Aphorismes politiques
                <pc>.</pc>
              </quote>
              <quote>
                des Aphorismes de
                      Droit
                <pc>.</pc>
              </quote>
            </cit>
          </sense>
          <sense n="2">
            <def>
              Aphorisme,
                      se dit quelquefois figurément de ce qu'on
                      veut faire passer pour un principe certain.
                      pour un aphorisme
              <pc>.</pc>
            </def>

            <etym>
              <lbl>Ce mot vient du </lbl>
              <lang>Grec</lang>
              <foreign>aphorismos</foreign>
              <pc>,</pc>
              <gloss> qui signifie le même.</gloss>
            </etym>
          </sense>
        </entry>
      </div>

      <div>
        <head>
          APL
          <pc>.</pc>
        </head>

        <entry xml:id="aplester">
          <form type="lemmaGrp">
            <form type="lemma">
              <orth>APLESTER</orth>
            </form>
            <pc>.</pc>
            <gramGrp>
              <pos>v.</pos>
              <subc>act.</subc>
            </gramGrp>
          </form>
          <sense>

            <usg type="domain" ana="#term_marine">Terme de marine</usg>
            <pc>.</pc>
            <def> C'est, Deplier, ou étendre les voiles pour recevoir le vent, &amp; se preparer à partir, &amp; 
            </def>
            <cit type="example">
              <quote>
                faire voile
                <pc>.</pc>
              </quote>
            </cit>
          </sense>
        </entry>

        <entry xml:id="aplomb">
          <form type="lemmaGrp">
            <form type="lemma">
              <orth>APLOMB</orth>
            </form>
            <pc>.</pc>
            <gramGrp>
              <pos>adv.</pos>
            </gramGrp>
          </form>
          <sense>
            <def>
              Perpendiculairement. Une ligne 
élevée à plomb fait de chaque costé un angle droit
              <pc>.</pc>
            </def>
          </sense>
        </entry>

        <entry xml:id="aplomb">
          <form type="lemmaGrp">
            <form type="lemma">
              <orth>APLOMB</orth>
            </form>
            <pc>.</pc>
            <gramGrp>
              <pos>subst. </pos>
              <gen>masc.</gen>
            </gramGrp>
          </form>
          <sense>
            <def>
              se dit chez les ouvriers
              <pc>.</pc>
            </def>
            <cit type="example">
              <quote>
                Ce mur tient bien son aplomb, est bien droit ; celuy-là fait
          ventre, il a perdu son aplomb
                <pc>.</pc>
              </quote>
            </cit>
          </sense>
        </entry>
      </div>

      <div>
        <head>
          APO
          <pc>.</pc>
        </head>

        <entry xml:id="apocalypse">
          <form type="lemmaGrp">
            <form type="lemma">
              <orth>APOCALYPSE</orth>
            </form>
            <pc>.</pc>
            <gramGrp>
              <pos>subst.</pos>
              <gen> fem.</gen>
            </gramGrp>
          </form>
          <sense>

            <def>
              Livre qui fait partie
du Nouveau Testament, &amp; qui contient les revelations
faites à St. Jean de plusieurs mysteres
              <pc>.</pc>
            </def>

            <cit type="example">
              <quote>
                Il y a bien de l'obscurité dans l'Apocalypse
                <pc>.</pc>
              </quote>
              <quote>
                la grande Beste de l'Apoca-bypse
                <pc>.</pc>
              </quote>
              <quote>
                Desmarests a fait de belles moralités sur l'Apoca-
lypse
                <pc>.</pc>
              </quote>

              <etym>
                <lbl>Ce mot vient d'</lbl>
                <foreign>apocalypto</foreign>
                <pc>,</pc>
                qui en
                <lang>Grec </lang>
                signifie,
  je revèle
              </etym>
            </cit>

          </sense>
        </entry>


        <entry xml:id="apocryphe">
          <form type="lemmaGrp">
            <form type="lemma">
              <orth>APOCRYPHE</orth>
            </form>
            <pc>.</pc>
            <gramGrp>
              <pos>adj.</pos>
              <gen>masc.</gen>
              <lbl>&amp;</lbl>
              <gen>fem.</gen>
            </gramGrp>
          </form>
          <sense>
            <def>
              Douteux, qui
vient d'un Auteur incertain à qui on ne peut ajouster
beaucoup de foy <pc>.</pc>
            </def>
            <cit type="example">
              <quote>Les Calvinistes accusent à tort beau-
coup de livres de la Bible d'être apoerrphes, comme Ju-
dith, Ruth, Esdras, les Machabées, &amp;c. Vous nous
citez là un passage, une histoire qui sont bien apocryphes,
qui ne sont point vraisemblables, qui ne font point
d'autorité<pc>.</pc>
              </quote>
              <quote>En matiere Ecclesiastique, on le dit de tout
ce qui est escrit ou presché par les Heretiques, ou Schif-
matiques, &amp; qui n'est point teceu par l'Eglise Romai-
ne. Vossius soustient que quand il s'agit de Livres Sa-
crés, le mot d'apocryphe ne se donne qu'à des ouvrages
que ni la Synagogne, ni l'Eglise n'ont point inseré dans
leurs Canons, quoy qu'on les joignist avec sa Ste. Ecri-ture, &amp; qu'on les leust même dans l'Eglise<pc>.</pc>
              </quote>
            </cit>
            <etym>
              <lbl>Ce mot vient du </lbl>
              <lang>Grec</lang>
              <foreign>apocryptein, cacher</foreign>
              <pc>.</pc>
            </etym>
          </sense>
        </entry>

        <entry xml:id="apodictique">
          <form type="lemmaGrp">
            <form type="lemma">
              <orth>APODICTIQUE</orth>
            </form>
            <pc>.</pc>
            <gramGrp>
              <pos>adj.</pos>
            </gramGrp>
          </form>
          <sense>
            <usg type="domain" ana="#term_logique">Terme de Logique</usg>
            <pc>,</pc>
            <def>ui se dit d'un argument demonstratif &amp; convaincant<pc>.</pc>
            </def>
          </sense>
        </entry>
        <entry xml:id="apogée">
          <form type="lemmaGrp">
            <form type="lemma">
              <orth>APOGÉE</orth>
            </form>
            <pc>.</pc>
            <gramGrp>
              <pos>subst.</pos>
              <gen>masc.</gen>
            </gramGrp>
          </form>
          <sense>
            <usg type="domain" ana="#term_astronomie">Terme d'Astronomie</usg>
            <pc>.</pc>
            <def>Point du ciel qui est à la plus longue extremité de la ligne
qu'on appelle des Absides, dans lequel le soleil ou les
autres Planetes se trouvent dans leur plus grand éloig-
nement de la terre<pc>.</pc>
            </def>
            <cit type="example">
              <quote>
                La lune apogée est éloignée de nous
de soixante-cinq demi-diametres de la terre
                <pc>.</pc>
              </quote>
              <quote>
                Les Coper-nicains appellent la même chose aphelie, par comparai-
son au soleil, ou ils tiennent être au centre du monde
                <pc>.</pc>
              </quote>
            </cit>
            <etym>
              <lbl>Ce mot vient du</lbl>
              <lang>Grec</lang>
              <foreign> apo</foreign>
              <pc>,</pc>
              <gloss>
                ab, &amp; ci ou gain, terra, terre
                <pc>.</pc>
              </gloss>
            </etym>
          </sense>
        </entry>

        <entry xml:id="apologetique">
          <form type="lemmaGrp">
            <form type="lemma">
              <orth>APOLOGETIQUE</orth>
            </form>
            <pc>.</pc>
            <gramGrp>
              <pos>adj.</pos>
              <gen>masc.</gen>
              <lbl>&amp;</lbl>
              <gen>fem.</gen>
            </gramGrp>
          </form>
          <sense>
            <def>
              Discours qui contient une deffense, une apologie
              <pc>.</pc>
            </def>
            <cit type="example">
              <quote>L'Apologetique de Tertullien
                <pc>.</pc>
              </quote>
            </cit>
          </sense>
        </entry>

        <entry xml:id="apologie">
          <form type="lemmaGrp">
            <form type="lemma">
              <orth>APOLOGIE</orth>
            </form>
            <pc>.</pc>
            <gramGrp>
              <pos>subst.</pos>
              <gen>fem.</gen>
            </gramGrp>
          </form>
          <sense>
            <def>Livre ou discours fait pour
justifier quelqu'un<pc>.</pc>
            </def>
            <cit type="example">
              <quote>Il se dit plus particulierement en
matiere de litterature, de la deffeuse qu'on fait des fautes
dont on accuse un Auteur<pc>.</pc>
              </quote>
            </cit>
            <note>L'Apologie de Balzac est une
piece des plus éloquentes qui soit en François.
 on di-soit bien du mal de vous en un tel endroit, mais j'ay
bien fait vostre apologie. Ce mot vient du Grec apolo-
geomai, qui signifie, je repousse par paroles, je resute
              <pc>.</pc>
            </note>
          </sense>
        </entry>

        <entry xml:id="apologiste">
          <form type="lemmaGrp">
            <form type="lemma">
              <orth>APOLOGISTE</orth>
            </form>
            <pc>.</pc>
            <gramGrp>
              <pos>subst.</pos>
              <gen>masc.</gen>
            </gramGrp>
          </form>
          <sense>
            <def>Celui qui ecrit une apologie<pc>.</pc>
            </def>
            <cit type="example">
              <quote>
                L'Apologue de l'Asne &amp; du Roussin dans Rabelais<pc>.</pc>
              </quote>
              <quote>Ce mot vient du François Ogier a été l'Apologiste de Balaac
                <pc>.</pc>
              </quote>
            </cit>
          </sense>
        </entry>

        <entry xml:id="apologue">
          <form type="lemmaGrp">
            <form type="lemma">
              <orth>APOLOGUE</orth>
            </form>
            <pc>.</pc>
            <gramGrp>
              <pos>subst.</pos>
              <gen>masc.</gen>
            </gramGrp>
          </form>
          <sense>
            <def>Instruction morale qu'on
tire de quelque sable inventée exprés<pc>.</pc>
            </def>
            <cit type="example">
              <quote>L'Apologue de l'Asne &amp; du Roussin dans Rabelais. Ce mot vient du
Grec apolenein, qui signifie, raconter, rapporter
                <pc>.</pc>
              </quote>
            </cit>
          </sense>
        </entry>
        <entry xml:id="apoltronnier">
          <form type="lemmaGrp">
            <form type="lemma">
              <orth>APOLTRONNIER</orth>
            </form>
            <pc>.</pc>
            <gramGrp>
              <pos>verb.</pos>
              <subc>act.</subc>
            </gramGrp>
          </form>
          <sense>

            <usg type="domain" ana="#term_fauconnerie">Terme de Fauconnerie</usg>
            <pc>,</pc>
            <def>
              qui se dit lors qu'on couppe à un oiseau les
ongles des pouces qui sont les doits de derriere, &amp; les
clefs de sa main : car par ce moyen en luy ostant les
armes, on le ravale de courage, desorte qu'il n'est plus
propre pour le gros gibier
              <pc>.</pc>
            </def>
          </sense>
        </entry>

        <entry xml:id="aponeurose">
          <form type="lemmaGrp">
            <form type="lemma">
              <orth>APONEUROSE</orth>
            </form>
            <pc>.</pc>
            <gramGrp>
              <pos>subst.</pos>
              <gen>fem.</gen>
            </gramGrp>
          </form>
          <sense>
            <usg type="domain" ana="#term_medecine">Terme de Medecine</usg>
            <pc>.</pc>
            <def>
              C'est un nom qu'on donne aux neffs qui sortent
des muscles, &amp; qui en font partie
              <pc>.</pc>
            </def>
            <etym>
              <lbl>Ce mot vient d'</lbl>
              <foreign>apo</foreign>
              <pc>,</pc>
              &amp; neuron,
              <gloss>
                qui signifie en
                <lang>Grec,</lang>
                un nerf
              </gloss>
            </etym>
          </sense>
        </entry>
        <entry xml:id="apophlegmatismes">
          <form type="lemmaGrp">
            <form type="lemma">
              <orth>APOPHLEGMATISMES</orth>
            </form>
            <pc>.</pc>
            <gramGrp>
              <pos>subst.</pos>
              <gen>masc.</gen>
            </gramGrp>
          </form>
          <sense>
            <usg type="domain" ana="#term_medecine"> de Medecine</usg>
            <pc>.</pc>
            <def>
              Ce sont des medicaments qu'on ma-che pour attirer quantité de phlegmes du cerveau
              <pc>.</pc>
            </def>
            <note>Le peuple les appelle Masticatoires, ou Machicatoires<pc>.</pc>
            </note>
            <etym>
              <lbl>Ce mot vient d'</lbl>
              <foreign>apo</foreign>
              <pc>,</pc>
              &amp; du
              <lang>Grec</lang>
              <foreign>phleguia</foreign>
              <pc>.</pc>
            </etym>
          </sense>
        </entry>

        <entry xml:id="apophorete">
          <form type="lemmaGrp">
            <form type="lemma">
              <orth>APOPHORETE</orth>
            </form>
            <pc>.</pc>
            <gramGrp>
              <pos>subst.</pos>
              <gen>masc.</gen>
            </gramGrp>
          </form>
          <sense>
            <def>C'est un mot dont on est obligé de se servir en traduisant Martial, qui a intitulé de ce nom quelques livres de ses Epigrammes :
sur quoy Raderus dit, qu'il signifie des dons &amp; presents
qui se faisoient en certaines solemnités, brigues, ou
festins<pc>.</pc>
            </def>
            <note>On l'a dit aussi du vaisseau, plat, ou corbeille,
où se portoient ces presents, qui est derivé par Isidore à ferendo
              <pc>.</pc>
            </note>
          </sense>
        </entry>

        <entry xml:id="apophthegme">
          <form type="lemmaGrp">
            <form type="lemma">
              <orth>APOPHOTHEGME</orth>
            </form>
            <pc>.</pc>
            <gramGrp>
              <pos>subst.</pos>
              <gen>masc.</gen>
            </gramGrp>
          </form>
          <sense>
            <def>Parole senten-tieuse ou remarquable qui est dite par quelque personne
illustre en naissance, ou en sçavoir<pc>.</pc>
            </def>
            <cit type="example">
              <quote>
                Les Apophthegmes de Plutarque. Lycosthene a fait un gros recueil des Apoph-
thegnees des Anciens. C'est un homme de si bon sens,
qu'il ne parle que par apophibiegines
                <pc>.</pc>
              </quote>
            </cit>
            <etym>
              <lbl>Ce mot vient du</lbl>
              <lang>Grec</lang>
              <foreign>apaphihengomai</foreign>
              <pc>,</pc>
              <gloss>
                qui signifie, je parle par sen-tences
                <pc>.</pc>
              </gloss>
            </etym>
          </sense>
        </entry>

        <entry xml:id="apophyse">
          <form type="lemmaGrp">
            <form type="lemma">
              <orth>APOPHYSE</orth>
            </form>
            <pc>.</pc>
            <gramGrp>
              <pos>subst.</pos>
              <gen>fem.</gen>
            </gramGrp>
          </form>
          <sense>
            <usg type="domain" ana="#term_medecine">Terme de Medecine</usg>
            <pc>.</pc>
            <def>
              C'est une partie legitime de l'os sortant de l'os même,
&amp; avancant sur sa surface unie
              <pc>.</pc>
            </def>
            <note>
              On la peut nommer éminence, lerres, ou saillie
              <pc>.</pc>
            </note>
            <note>
              On l'appelle aussi quel-quefois, production, ou excroissance paturelle
              <pc>.</pc>
            </note>
            <note>
              Les apophyses les plus apparentes des os sont celles des verte-
bres, ou spondyles
              <pc>.</pc>
            </note>
            <note>
              Quand les apophiuses qui avancent
autour des bords ou cavités font paroistre les fosses plus
profondes, elles se nomment sourcils, &amp; levres, parce
qu'elles leur ressemblent. Quand ces cavités sont pro-
fondes, ou entourées de grands bords &amp; sourcils, on
les appelle copples, ou emboistures. Quand elles sont
superfcielles, on les appelle glenes, &amp; gleneides, à
cause que leur fosse ressemble aux cavités des yeux qui
paroissent lors que les paupieres sont fermées. Les unes &amp; les
autres  de ces qualites sont appellées par Hippo-
crate bathmides
              <pc>.</pc>
            </note>
            <etym>
              <lbl>Le mot d'apophyse est</lbl>
              <lang> Grec, </lang>
              &amp; signi-
Ce qui est né sur quelque autre chose.
              <note>
                On appelle
Apophyses ammillaires, de certaines petites bossettes
qui ressemblent à des bouts de mainmelle, ou au pis
d'une vache, qui naissent des ventrienles anterieurs du
cerveau, &amp; qui vont auxos cribleux des narines qu'on
croit être les organes de l'odorat
                <pc>.</pc>
              </note>
            </etym>
          </sense>
        </entry>

        <entry xml:id="apoplexie">
          <form type="lemmaGrp">
            <form type="lemma">
              <orth>APOPLEXIE</orth>
            </form>
            <pc>.</pc>
            <gramGrp>
              <pos>s.</pos>
              <gen>f.</gen>
            </gramGrp>
          </form>
          <sense>
            <usg type="domain" ana="#term_medecine">Terme de Medecine</usg>
            <def>
              C'est une sondaine privation du sentiment &amp; du mouvement de tout le corps   avec lesion des principales facultez de l'ame, accompagnée d'un ronflement &amp; 
                        de difficulté de respirer Elle differe du care, de la catalepsie, &amp; de la suffocation de matrice,
                        parce qu'en ces trois autres maladies on a la respiration libre
              <pc>.</pc>
            </def>
            <note>Elle differe de la syncope, parce qu'en celle-cy il n'y a point de pous apparent, ou du moins qu'il est fort foible ; au lieu qu'en l'apoplexie il demeure plein &amp; 
                          fort jusqu'à ce que la mort soit proche
              <pc>.</pc>
            </note>
            <note>
              Elle differe de l'épilepsie, en ce qu'en celle-cy le mouvement de la faculté animale n'est point aboli, mais seulement depravé.
                            Et elle differe de l'émiplegie, en ce que celle-cy provient d'une obstruction du cerveau bouché d'un costé seulement
              <pc>.</pc>
            </note>
            <note>
              L'apoplexie est causée d'une pituite espaisse &amp; froide qui vient à remplir tout à coup les ventricules du cerveau, &amp; 
                           qui bouche ou estressit les arteres du rets admirable, par lequel l'esprit y monte du coeur, desorte que cet esprit venant à faillir, 
                           il ne peut plus y avoir dequoy fournir de sentiment ni de mouvement aux nerfs
              <pc>.</pc>
            </note>
            <etym>
              <lbl>Ce mot vient d'apoplexie du</lbl>
              <lang>Grec</lang>
              <foreign>apopleittein</foreign>
              <pc>,</pc>
              <gloss>
                qui signifie, battre, estonner, rendre stupide &amp; sans sentiment, parce que cette maladie fait tomber en un instant, 
                       comme si on étoit abattu d'un coup de foudre. C'est pourquoy quelques-uns l'ont appellée sideration, comme qui diroit, foudroyement
                <pc>.</pc>
              </gloss>
            </etym>
          </sense>
        </entry>


        <entry xml:id="apoplectique">
          <form type="lemmaGrp">
            <form type="lemma">
              <orth>APOPLECTIQUE</orth>
            </form>
            <pc>.</pc>
            <gramGrp>
              <pos>adj.</pos>
              <gen>m.</gen>
              <lbl>&amp;</lbl>
              <gen>f.</gen>
            </gramGrp>
          </form>
          <sense>
            <def>Qui tient de l'apoplexie<pc>.</pc>
            </def>
            <cit type="example">
              <quote>
                Accident apoplectique
                <pc>.</pc>
              </quote>
            </cit>
          </sense>
        </entry>

        <entry xml:id="aposeme">
          <form type="lemmaGrp">
            <form type="lemma">
              <orth>APOSEME</orth>
            </form>
            <pc>.</pc>
            <gramGrp>
              <pos>s.</pos>
              <gen>m.</gen>
            </gramGrp>
          </form>
          <sense>
            <usg type="domain" ana="#term_medecine">
              Terme de Medecine
              <pc>.</pc>
            </usg>
            <def>
              Espece de julep composé de diverses decoctions de plusieurs plantes, racines, 
 fleurs, feuilles, fruits &amp; semences dulcifiées avec du miel &amp; du sucre, clarifiées &amp;
  aromatisées avec cannelle &amp; santals. L'aposeme ne differe d'avec le syrop magistral que par 
  la consistance &amp; la cuitte ; ce syrop étant plus espais &amp; visqueux
              <pc>.</pc>
            </def>
            <note>
              On y mesle quelquefois des remedes purgatifs &amp; des syrops
              <pc>.</pc>
            </note>
            <etym>
              <lbl>Ce mot vient du</lbl>
              <lang>Grec</lang>
              <foreign>apozeo</foreign>
              <pc>,</pc>
              <gloss>
                qui signifie, defervesco
                <pc>.</pc>
              </gloss>
            </etym>
          </sense>
        </entry>
        <entry xml:id="aposiopese">
          <form type="lemmaGrp">
            <form type="lemma">
              <orth>APOSIOPESE</orth>
            </form>
            <pc>.</pc>
            <gramGrp>
              <pos>s.</pos>
              <gen>f.</gen>
            </gramGrp>
          </form>
          <sense>
            <usg type="domain" ana="#term_rethorique">
              Terme de Rethorique
              <pc>,</pc>
            </usg>
            <note>
              qu'on appelle autrement Reticence
              <pc>.</pc>
            </note>
            <def>
              C'est une figure qui se fait, quand on ne laisse pas de parler d'une chose,
                       en faisant semblant de n'en vouloir rien dire
              <pc>.</pc>
            </def>
            <etym>
              <lbl>Ce mot vient d'aposiopao,</lbl>
              <foreign>taceo</foreign>
              <pc>.</pc>
            </etym>
          </sense>
        </entry>


        <entry xml:id="apostasie">
          <form type="lemmaGrp">
            <form type="lemma">
              <orth>APOSTASIE</orth>
            </form>
            <pc>.</pc>
            <gramGrp>
              <pos>s.</pos>
              <gen>f.</gen>
            </gramGrp>
          </form>
          <sense>
            <def>
              Abandonnement de la vraye Religion, ou d'un Ordre dans lequel on a fait profession, 
sans dispense legitime
              <pc>.</pc>
            </def>
            <cit type="example">
              <quote>
                L'apostasie d'un Moine est la suitte ordinaire de son heresie, de sa débauche
                <pc>.</pc>
              </quote>
            </cit>
          </sense>
        </entry>

        <entry xml:id="apostasier">
          <form type="lemmaGrp">
            <form type="lemma">
              <orth>APOSTASIER</orth>
            </form>
            <pc>.</pc>
            <gramGrp>
              <pos>v.</pos>
              <subc>n.</subc>
            </gramGrp>
          </form>
          <sense>
            <def>
              Tomber dans l'apostasie, devenir Apostat
              <pc>.</pc>
            </def>
            <cit type="example">
              <quote>
                Les esclaves Chrêtiens sont en un danger perpetuel d'apostasier, de devenir renegats
                <pc>.</pc>
              </quote>
            </cit>
          </sense>
        </entry>

        <entry xml:id="apostat">
          <form type="lemmaGrp">
            <form type="lemma">
              <orth>APOSTAT</orth>
            </form>
            <pc>.</pc>
            <gramGrp>
              <pos>s.</pos>
              <gen>m.</gen>
            </gramGrp>
          </form>
          <sense n="1">
            <def>
              Qui quitte la vraye Religion, ou qui renonce à ses voeux
              <pc>.</pc>
            </def>
            <cit type="example">
              <quote>
                L'Empereur Julien a été surnommé l'Apostat
                <pc>.</pc>
              </quote>
              <quote>
                les Moines qui jettent le froc aux orties sont des Apostats
                <pc>.</pc>
              </quote>
            </cit>
          </sense>
          <sense n="2">
            <def>
              APOSTAT,se disoit autrefois proprement de celuy qui avoit faussé la foy promise à son Capitaine
              <pc>.</pc>
            </def>
            <etym>
              <lbl>Ce mot vient du </lbl>
              <lang>Latin</lang>
              <foreign>apostatare</foreign>
              <pc>,</pc>
              qui signifie, mépriser, violer
              <pc>.</pc>
              <note>Dans son origine le mot d'apostat ne signifioit autre chose que prevaricateur ; &amp; 
on disoit apostatare leges, pour dire, pecher contre la Loy.Du Cange.</note>
              <note>
                Le mot d'apostatare vient d'
                <foreign>apo,</foreign>
                &amp;
                <foreign>istemi,</foreign>
                <foreign>sto,</foreign>
              </note>
              <gloss>
                je me tiens à part
                <pc>.</pc>
              </gloss>
            </etym>
          </sense>
        </entry>


        <entry xml:id="aposter">
          <form type="lemmaGrp">
            <form type="lemma">
              <orth>APOSTER</orth>
            </form>
            <pc>.</pc>
            <gramGrp>
              <pos>v.</pos>
              <subc>act.</subc>
            </gramGrp>
          </form>
          <sense>
            <def>
              Attitrer quelqu'un, le mettre en avant pour espier, tromper &amp; surprendre quelqu'un
              <pc>.</pc>
            </def>
            <cit type="example">
              <quote>
                Les calomniateurs ont des témoins apostés pour deposer faussement contre leurs parties
                <pc>.</pc>
              </quote>
              <quote>
                cet acte est signé par une personne apostée, qui a pris le nom ou l'habit d'un autre pour tromper le Notaire, ou les contractans. il a choisi un Juge aposté, fait à sa poste
                <pc>.</pc>
              </quote>
              <quote>
                Les Grands ont des gens apostez pour semer de fausses nouvelles, selon que leurs interests les y obligent
                <pc>.</pc>
              </quote>
              <quote>
                Les filous ont toûjours prés d'eux des gens apostez, afin de ne se point trouver saisis des vols qu'ils font
                <pc>.</pc>
              </quote>
            </cit>
            <etym>
              <lbl>Ce mot vient de</lbl>
              <foreign>positus</foreign>
              <pc>,</pc>
              <lbl>
                de pono
                <pc>.</pc>
              </lbl>
            </etym>
          </sense>
        </entry>

        <entry xml:id="apostheme">
          <form type="lemmaGrp">
            <form type="lemma">
              <orth>APOSTHEME</orth>
            </form>
            <pc>.</pc>
            <gramGrp>
              <pos>s.</pos>
              <gen>m.</gen>
            </gramGrp>
          </form>
          <sense>
            <usg type="domain" ana="#term_medecine">Terme de Medecine</usg>
            <xr>
              <lbl>Voyez</lbl>
              <ref target="#herrera">Apostume</ref>
              <pc>.</pc>
            </xr>
          </sense>
        </entry>

        <entry xml:id="apostille">
          <form type="lemmaGrp">
            <form type="lemma">
              <orth>APOSTILLE</orth>
            </form>
            <pc>.</pc>
            <gramGrp>
              <pos>s.</pos>
              <gen>f.</gen>
            </gramGrp>
          </form>
          <sense n="1">
            <def>
              Annotation ou renvoy qu'onme, accompagnée d'un ronflement &amp; de difficulté de
fait à la marge d'un écrit pour y ajouster quelque chose respirer. Elle differe du care, de la catalepsie, &amp; de la
qui manque dans le texte, ou pour l'esclaircir &amp; l'in-sustocation de matrice, parce qu'en ces trois autres ma-
terpreter
              <pc>.</pc>
            </def>
            <cit type="example">
              <quote>
                Plusieurs Auteurs ont commenté le Droit
ladies on a la respiration libre
                <pc>.</pc>
              </quote>
              <quote>
                Elle differe de la synco-par de simples notes &amp; apostilles
                <pc>.</pc>
              </quote>
              <quote>
                un Notaire est obli-pe, parce qu'en celle-cy il n'y a point de pous apparent,
gé de parapher avec les parties toutes les apostilles d'un
ou du moins qu'il est fort foible ; au lieu qu'en l'apo-contract
                <pc>.</pc>
              </quote>
            </cit>
          </sense>
          <sense n="2">
            <note>
              Apostille, se dit au Palais en parlant des debats &amp; proche
              <pc>.</pc>
            </note>
            <def>
              Elle differe de l'épilepsie, en ce qu'en celle-cy contestations qui se font lors de l'examen des comptesle mouvement de la faculté animale n'est point aboli,ou des jugements qui sont
     rendus sur chaque article
              <pc>.</pc>
            </def>
            <note>
              Les apostilles se mettent sur les comptes de la Chambre de la main de l'Auditeur qui les rapporte
              <pc>.</pc>
            </note>
            <note>
              On disoit anciennement, postil, &amp;
              <pc>.</pc>
            </note>
            <etym>
              <lbl>Ce mot vient de</lbl>
              <foreign>positus</foreign>
              <pc>.</pc>
            </etym>
          </sense>
        </entry>


        <entry xml:id="apostiller">
          <form type="lemmaGrp">
            <form type="lemma">
              <orth>APOSTILLER</orth>
            </form>
            <pc>.</pc>
            <gramGrp>
              <pos>v.</pos>
              <subc>act.</subc>
            </gramGrp>
          </form>
          <sense>
            <def>
              Mettre des apostilles, qui se dit tant des notes &amp; remarques qu'on fait sur les livres,
 que des additions qui se font sur les minutes des contracts, &amp; de ce qu'on met dans les marges des comptes
              <pc>.</pc>
            </def>
          </sense>
        </entry>

        <entry xml:id="apostillé">
          <form type="lemmaGrp">
            <form type="lemma">
              <orth>APOSTILLÉ</orth>
            </form>
            <pc>,</pc>
            <form type="inflected">
              <orth type="part">ÉE</orth>
            </form>
            <pc>.</pc>
            <gramGrp>
              <pos>part.</pos>
              <subc>pass.</subc>
              <lbl>&amp;</lbl>
              <pos>adj.</pos>
            </gramGrp>
          </form>
          <sense>
            <def>
              Les contracts les plus apostillés sont les meilleurs ; ils sont paraphez en plus d'endroits
              <pc>.</pc>
            </def>
          </sense>
        </entry>

        <entry xml:id="apostolat">
          <form type="lemmaGrp">
            <form type="lemma">
              <orth>APOSTOLAT</orth>
            </form>
            <pc>.</pc>
            <gramGrp>
              <pos>s.</pos>
              <gen>m.</gen>
            </gramGrp>
          </form>
          <sense>
            <def>
              Dignité ou ministere d'Apostre
              <pc>.</pc>
            </def>
            <cit type="example">
              <quote>
                St. Matthias vint par la voye du sort à l'Apostolat
                <pc>.</pc>
              </quote>
            </cit>
          </sense>
        </entry>

        <entry xml:id="apostolique">
          <form type="lemmaGrp">
            <form type="lemma">
              <orth>APOSTOLIQUE</orth>
            </form>
            <pc>.</pc>
            <gramGrp>
              <pos>adj.</pos>
              <gen>masc.</gen>
              <lbl>&amp;</lbl>
              <gen>fem.</gen>
            </gramGrp>
          </form>
          <sense>
            <def>
              Qui vient des Apostres
              <pc>.</pc>
            </def>
            <cit type="example">
              <quote>
                L'Eglise Catholique, Apostolique, &amp; Romaine
                <pc>.</pc>
              </quote>
              <quote>
                la Doctrine, la Foy Apostolique. les Missions Apostoliques
                <pc>.</pc>
              </quote>
            </cit>
            <note>On le dit aussi de tout ce qui se fait ou se dit à la maniere des Apostres. Une vie, un discours Apostolique. il presche à l'Apostolique, </note>
            <note>
              c'est à dire, sans fard, sans ostentation, &amp; par un pur motif de devotion. En cette phrase il est adverbe, &amp; signifie, Apostoliquement
              <pc>.</pc>
            </note>
            <note>
              Autrefois tous les Sieges étoient nommés Apostoliques : mais depuis ce nom fut particulierement appliqué aux Sieges de Rome, d'Alexandrie, d'Antioche &amp; de Jerusalem, dont les trois derniers étant tombés 
sous la puissance des Infidelles, ce titre demeura seul au Siege de Rome. C'est pourquoy on le dit aujourd'huy absolument de celuy-là seulement, suivant le Concile de Rheims de l'an 1049.
 St. Gregoire le Grand reserva ce titre au Pape seul, &amp; un Evêque d'Espagne qui l'avoit pris fut excommunié par cette raison. Ainsi on a dit depuis, On l'a envoyé en ambassade vers le Siege Apostolique ;
  le Nonce Apostolique ; un Notaire Apostolique ; un Bref Apostolique ; la Chambre, la Chancelerie Apostolique
              <pc>.</pc>
            </note>
          </sense>
        </entry>

        <entry xml:id="apostolorum">
          <form type="lemmaGrp">
            <form type="lemma">
              <orth>APOSTOLORUM</orth>
            </form>
            <pc>.</pc>
            <gramGrp>
              <pos>s.</pos>
              <gen>m.</gen>
            </gramGrp>
          </form>
          <sense>
            <usg type="domain" ana="#term_pharmacie">Terme de Pharmacie.</usg>
            <def>
              Sorte d'onguent mondificatif, qui est composé de douze drogues en pareil nombre que celuy des Apostres : ce qui luy a donné ce nom
              <pc>.</pc>
            </def>
            <cit type="example">
              <quote>
                Il a été inventé par Avicenne. On l'appelle aussi, Onguent de Venus, à cause qu'il est de couleur verde
                <pc>.</pc>
              </quote>
            </cit>
          </sense>
        </entry>


        <entry xml:id="apostre">
          <form type="lemmaGrp">
            <form type="lemma">
              <orth>APOSTRE</orth>
            </form>
            <pc>.</pc>
            <gramGrp>
              <pos>s.</pos>
              <gen>m.</gen>
            </gramGrp>
          </form>
          <sense n="1">
            <def>
              Disciple de Jesus-Christ qui a eu sa mission pour prescher son Evangile par tout le monde
              <pc>.</pc>
            </def>
            <cit type="example">
              <quote>
                Le Symbole des Apostres
                <pc>.</pc>
              </quote>
              <quote>
                St. Pierre est le premier des douze Apostres
                <pc>.</pc>
              </quote>
              <quote>
                St. Paul est appellé par excellence, l'Apostre des Gentils, parce que c'est celuy qui a fait le plus de conversions
                <pc>.</pc>
              </quote>
            </cit>
          </sense>
          <sense n="2">
            <def>
              APOSTRE, est aussi celuy qui a le premier planté la Foy en quelque endroit
              <pc>.</pc>
            </def>
            <cit type="example">
              <quote>
                St. Denis de Corinthe est l'Apostre de la France. St. François Xavier est l'Apostre des Indes
                <pc>.</pc>
              </quote>
              <quote>
                Le peuple appelle aussi Apostres, des Confreres ou Penitents qui vont nuds pieds aux Processions du St. Sacrement &amp; en d'autres solemnités
                <pc>.</pc>
              </quote>
              <quote>
                St. Augustin fait mention de certains Heretiques qui furent appellés Apostres, qui faisoient profession de ne rien posseder en ce monde
                <pc>.</pc>
              </quote>
            </cit>
            <note>
              On dit proverbialement &amp; ironiquement, qu'un homme est un bon Apostre, pour dire, que c'est un bon compagnon, ou qu'il est hypocrite
              <pc>.</pc>
            </note>
            <note>
              On appelloit autrefois Apostres, les Lettres dimissoires données à un appellant par les Juges à quo, adressantes au Juge d'appel,
                               par lesquelles il le certifioit de l'appel interjetté, il luy en laissoit la connoissance, sans lesquelles il n'étoit pas permis de le poursuivre par l'ancienne rigueur de droit ; ce que l'article 117. de l'Ordonnance de 1539. a aboli
              <pc>.</pc>
            </note>
            <note>
              Le delay d'obtenir ces Lettres étoit de trente jours ; au lieu de quoy on a introduit les desertions
              <pc>.</pc>
            </note>
            <etym>
              <lbl>Ce mot vient du</lbl>
              <lang>Grec </lang>
              <foreign>apostolos</foreign>
              <pc>,</pc>
              <gloss>
                qui signifie, un homme env
                <pc>.</pc>
              </gloss>
            </etym>
          </sense>
        </entry>
      </div>
    </body>
  </text>
</TEI>
             